Designator,Mid X,Mid Y,Rotation,Layer
BZ1,105.5,-122.5,270.0,top
C1,120.0625,-125.5,180.0,bottom
D1,114.417669,-133.578537,180.0,top
D4,121.4985,-114.335,0.0,top
R1,112.5,-129.05,270.0,bottom
R2,115.0,-117.5,90.0,top
R3,114.5,-136.5,0.0,bottom
U1,120.0,-125.495,90.0,top
U2,121.917669,-133.553537,0.0,bottom
